Scale,N Keys,BPT Insert (s),BF Insert (s),BPT Search (s),BF Search (s),BPT Delete (s),BF Delete (s),BPT Range (s),BF Range (s),BPT Mem (KB),BF Mem (KB)
Very Small,100,0.00134,0.00008,0.00014,0.00008,0.00059,0.00021,0.000015,0.000008,10.6,1.0
Small,"25,100",0.05867,0.00096,0.00040,0.03718,0.00105,0.06068,0.001416,0.002922,2877.1,169.0
Medium,"50,100",0.50313,0.00932,0.00028,0.07635,0.00240,0.14053,0.002761,0.004547,7163.7,434.0
Large,"75,100",0.78930,0.01210,0.00067,0.13306,0.00142,0.35715,0.004924,0.008415,10016.7,549.4
Very Large,"99,100",0.98288,0.02353,0.00072,0.38739,0.00163,1.05074,0.005089,0.008095,12877.0,782.3
